company,email
WebIntelligence,contact@webintelligence.ma
Capgemini,recrutementmaroc.ma@capgemini.com
Dell Technologies,recrutement_casablanca@dell.com
Oracle Morocco,contact@oracle.com
Novancy,contact@novancy.com
HiiT Consulting,support@hiitconsulting.com
Altora Digital,contact@altoradigital.com
Attijariwafa Bank,drh@attijariwafa.net
CIH Bank,recrutement@cihbank.ma
Société Générale Maroc,contact.sgmaroc@sgmaroc.com
Bank of Africa,relationclient@bankofafrica.ma
BMCI,recrutement@bmci.ma
Crédit du Maroc,protectiondonnees-rh@cdm.ma
Crédit Agricole du Maroc,kidrissi@creditagricole.ma
Al Barid Bank,contactrh@albaridbank.ma
CFG Bank,recrutement@cfgbank.com
Bank Assafa,recrutement@bankassafa.com
Umnia Bank,kamelia.goumri@cihbank.ma
Optigin,talent@optigin.ai
Tonic App,recruitment@tonicapp.com
IRIS,hr@iriscorporate.com
Premium Minds,join@premium-minds.com
Molecubes,careers@molecubes.com
Avicenna.AI,contact@avicenna.ai
ScaiLabs,careers@scailabs.ai
MessageMind,hello@messagemind.ai
AMIIO,careers@amiio.com
Alkmist,toto@alkmist.com
Qarizmi,hr@qarizmi.com
Next Data,contact@nextdata.ma
DecisiveAI,hiring@decisiveai.ma
Weego,careers@weegolife.com
APPER,recrutement@apper.ma
DigitalForward,contact@digitalforward.ma
BI NEWVISION,info@bi-newvision.com
Assurtech AI,talents@assurtech.ai
Opentech Maroc,recrutement@opentech.ma
Innovatech Engineering,contact@innovatech.ma
AWARINO,rekrute.awarino@gmail.com
PM ENGINEERING,aicha.zerradi@parlym.com
Terraa,recruitment@terraa.org
SILIAD,recrutement@siliad.ma
NextGrowth,contact@nextgrowth.ma
Capgemini Maroc,maroc.recrutement@capgemini.com
DaiL,contact@dail.info
MAN Truck & Bus Maroc,rh.man.truck.bus@gmail.com
Neo Tech iT,fatimazahra.addahri@neo-techit.com
ARRA Engineering,candidature@arra-engineering.com
Epineon.AI,recrutement@epineon.ai
NEXTRONIC,drh@nextronic.io
SmartGap,rh@smartgap.io
SBI Data AI EPM,afrhr@sbi-group.com
IRMH,recrutement@irmh.ma
DXC Technology Morocco,charifa.mejdoubi@dxc.com
Sahl Financial,careers@sahlfinancial.com
Woliz,contact@woliz.com
Inyad,contact@inyad.com
Sage,contact@sage.com
IBM,contact@ibm.com
Ciel Informatique Maroc,contact@cielinformatique.ma
Ethical Data Security,contact@ethical-data-security.com
Expert ERP Odoo Maroc,contact@expert-erp.ma
Network & Software Engineering,contact@nse.ma
Corporate Software,contact@corporatesoftware.ma
LEADVICE,contact@leadvice.org
ProData Security,contact@prodata-security.ma
goit,contact@goit.ma
tmdata,contact@tmdatasolutions.ma
pmasecurity,contact@datasecurity.ma
telepac_technology,telepac@telepactechnology.com
adhesium_technologies,info@adhesium.com
burintel,burintel@burintel.com
agl_software,info@agl.ma
omnidata,contact@omnidata.ma
neonovia,contact@neonovia.com
idmaj_technologie,contact@idmaj.ma
s2m,contact@s2m.ma
finashore,contact@finashore.com
safesys,info@safesys.ma
soft_seven_art,studio@softsevenart.com
arrow_ecs,contact@arrowecs.ma
ks_technology,contact@coindesprix.ma
country_technologie,info@countrytech.ma
thales_informatique,contact@thales.ma
publiday_multidia,publiday@menara.ma
lectra_maroc,callcenter.europe@lectra.com
microdata,contact@microdata.ma
poly_systeme_informatique,psi@casanet.ma
m2m_group,moreinfo@m2mgroup.com
webisoft,commercial@webisoft.ma
emultec,client@emultec.ma
aio_process,contact@aioprocess.com
getb_ingenierie,getb@menara.ma
lotraf,maslohi@lotraf.net
anytel,anytel@anytelmaroc.com
gmh_idm,nadia.ouazzani@gmh-idm.com
morchid_traduction,contact@morchid-translation.com
rifl_biometrics,info@riflbiometrics.com
apsir,contact@apsir.ma
razzouk_services,contact@razzoukservices.com
easysoft,easysoft@easysoft.ma
maroc_seo,contact@marocseo.ma
first_informatique,contact@firstinformatique.ma
redagraph,redagraph@redagraph.co.ma
otus,otus.maroc@gmail.com
sispay,info@sispay.net
ip2s,contact@ip2stechnologies.com
inovalley_consulting,issam.karafi@inovalley.ma
computime,info@computime.ma
artemis_sa,info@artemis.ma
global_service_informatique_et_internet,contact@gs2i.com
Data Software,contact@datasoftware.info
TEK'6,contact@tek6.ma
Eurofive Conseil,infos@eurofiveconseil.com
Involys,commercial@involys.com
Mobiblanc,sayhello@mobiblanc.com
Sigmatel,sigmatel@sigmatel.ma
Nts Technologie,nts.tech.ma@gmail.com
Général Soft,contact@general-soft.ma
Cottignies Créations,agence@cottignies-creations.com
L&L Technologies,info.lltechno@gmail.com
Archivistes du Maroc,contact@archivistesdumaroc.com
Advanced System,contact@advanced-system.net
Alpha4tec.ma,contact@alpha4tec.ma
Jway,contact@jway.ma
Univers Ap,contact@universap.fr
Kronosystem,contact@kronosystem.ma
B2h Services Com,info@b2hservices.com
Intelcia Casablanca,recrutement.webma@intelcia.com
Inetum Casablanca Maroc (GFI Maroc),job.maroc@inetum.com
HPS CasaNearshore,careers@hps-worldwide.com
Altran Casanearshore Maroc,careers.inmorocco@altran.com
Leyton Maroc Casanearshore,recrutement@leyton.ma
Void,casa@void.ma
RIEGONOR,riegonor@riegonor.com
COMPINFO,contact.compinfo@gmail.com
VPI INFO,vpimaroc@gmail.com
CONTRAGEST CONSULTING,callcontragest@gmail.com
Wave Digital Agency,bachir@wavedigitalagency.com
DEV HORIZON,contact@devhorizon.net
MAAMOURA INFO,maamoura@hotmail.fr
GDTIF SERVICES,contact@gdtif.com
IPIAB,ipiab_kenitra@hotmail.com
FOURTH DIMENSION,fourthdimension.k@gmail.com
MULTIMEDIA TIME,multimedia-time@hotmail.com
KENITR@NET,contact@kenitranet.com
MIKWEB,info@mikweb.ma
EDGY BRAIN,support@edgybrain.com
GHM LABS,saliganes@gmail.com
CyberGenix Morocco,sales@cybergenix.co
Carabill,achraf@carabill.ma
SOPHATEL,contact@sophatel.com
NEXTTEL,contact@nexttel.ma
MAROCSOFT,auditingsoft@gmail.com
INFORMATIQUE CONSULTING GROUP,icg@icg.ma
SPAC SYSTEMS,khalili@spacweb.com
PLURALIS CONSULTING,contact@pluralisconsulting.com
OUTECH-IT,ouaid.m.tarik@gmail.com
GEO COM,contact@geocom.ma
IS QUALITY,contact@is-quality.com
PLANET TECH,contact@planettech.ma
CADWARE MAROC,info@cadware.ma
ELECTRACOM,electracom@yahoo.fr
VISION INFORMATIQUE,contact@visioninteractive.ma
DATA SOFT WORK,dsw@datasoftwork.com
IDEVENT,contact@id-event.ma
OVER-TECH,contact@over-tech.net
ALAMWEB,redacreations@gmail.com
MARDAL SARL,jabbar@mardal.biz
BRIGHT SOFTWARE,info@brightsoftware.ma
AASYS,n.alami@aasys.ma
MAROCGRAFIX.COM,marocgrafix@gmail.com
KI2,ki2sarl@yahoo.fr
ACTIVEO,contact@activeomaroc.com
HAZELPARTNER,admin@hazelpartner.pro
ITRI SOFT,itrisoft@menara.ma
O2 IT,contact@o2it.ma
IPOS,contact@ipos.ma
RESODIS,info@resodis.com
MULTISERVICES,commercial@multiservices.ma
GENUINE GRAPHICS SARLAU,contact@genuine-graphics.com
SOFISOFT,contact@sofisoft.ma
INFORMATION TECHNOLOGY GROUP,info@it-group.ma
E-MEDIA PLUS,contact@e-mediaplus.net
ABNCOM,abncom@abncom.ma
WINSTAR,contact@winstar-maroc.com
EUROPEAN DATACOM MAGHREB,infos@mifatel.ma
INGÉNIERIE SYSTÈME ET SÉCURITÉ INFORMATIQUE,fajajrajae@gmail.com
plannetech,support@planettech.shop
SCompute,contact@scompute.net
SKYCORP,rh@skycorp.ma
CENTEXAM,contact@centexam.com
LeyaConnect,contact@leyaconnect.com
MADISYS,contact@madisys.ma
1306DATA,salma@1306data.com
IT ADVISOR,contact@itadvisor.ma
IMTC,
AI Inside,contact@ai-inside.ma
GM-Soft,contact@gmsoft.ma
EDINFO GROUP,contact@edinfogroup.ma
Elite Solutions,contact@elitesolutions.ma
Smart NTIC,contact@smartntic.ma
Open6,contact@open6.ma
Altcode Solutions,contact@altcode.co
PMCODE Consulting,contact@pmcodeconsulting.ma
Nexular Corp,contact@nexular-corp.com
Theleris,careers@theleris.com
Galcios,careers@galcios.com
SQLI Maroc,recrutement-maroc@sqli.com
Atos Maroc,recrutement-maroc@eviden.com
Akkodis Maroc,rokia.jarbi@akkodis.com
Alten Maroc,recrutement.maroc@alten.com
CGI Maroc,ayoub.dinary@cgi.com
Sopra Steria Maroc,recrutement.maroc@soprasteria.com
Devoteam Maroc,ma-recrutement@devoteam.com
Talan Maroc,recrutement.maroc@talan.com
Accenture Maroc,rania.chekalat@accenture.com
Deloitte Digital Maroc,recrutement@deloitte.com
PwC Maroc,recrutement-maroc@ma.pwc.com
EY Maroc,leila.dghoughi@ma.ey.com
KPMG Maroc,recrutement@kpmg.ma
BearingPoint Maroc,recrutement.maroc@bearingpoint.com
Inetum Maroc,recrutement.maroc@inetum.com
Maroc Telecom,selection.rh@iam.ma
Inwi,elmehdi.bouanani@inwi.ma
NTT DATA Maroc,recruitment.ma@nttdata.com
Fujitsu Maroc,fujitsu.maroc@fujitsu.com
Huawei Maroc,esmie@huawei.com
Cisco Maroc,cisco-maroc@cisco.com
Ericsson Maroc,ericsson.maroc@ericsson.com
Nokia Maroc,ext-anas.el-jouadi@nokia.com
Valtech Maroc,recrutement.maroc@valtech.com
Keyrus Maroc,recrutement.mea@keyrus.com
Business & Decision Maroc,recrutement.maroc@businessdecision.com
Wavestone Maroc,recrutement@wavestone.com
Expleo Maroc,recrutement.maroc@expleogroup.com
Outsourcia,recrutement@outsourcia-group.com
Concentrix Maroc,recrutement.maroc@concentrix.com
Teleperformance Maroc,recrutement@teleperformance.ma
Majorel Maroc,recrutement.maroc@majorel.com
Foundever Maroc,recrutement@foundever.com
Mantu Maroc,recruitment@mantu.com
Sopra HR Software Maroc,hamid.elmrabet@soprasteria.com
CGI Business Consulting Maroc,recrutement.maroc@cgi.com
nestas-technologies,
ECS INFORMATIQUE,ecs@ecs.net.ma
3s informatique,3sinfo@3sinfo.com
amexs,contact@icinet.ma
icinet,commercial@icinet.ma
axeli,sabah@huawei.com
reper,esmié@huawei.com
Huawei,contact@itgate.ma
itgate,info@idway.ma
idway,info@t-t.ma
t-t,assistante@s4u.ma
S4U,contact@bluegital.com
bluegital,contact@webmania.ma
grantimaroc,psi@polysysteme.ma
galaxie,
polysysteme,contact@avision.ma
2sit,contact@microstore.ma
agora-technology,mediastore@mediastore.ma
spm2i,contact@tonpc.ma
sominet-informatique,
first informatique,contact@puresolutions.ma
microstore,
spacweb,contact@dml.ma
pcfactory,contact@linksolutions.ma
mediastore,contact@pctop.ma
tonpc,contact@tonpc.ma
planetoffice,polytel@gmail.com
puresolutions,zyzphone@menara.ma
assistinfo,propixel.rabat@gmail.com
dml,contact@flexiapps.ma
Dell Maroc,service.client@iris.ma
linksolutions,contact@linksolutions.ma
PC TOP,rh@intelcom.co.ma
Skysolutions,contact@azunix.ma
polytel,contact@basicsolutions.ma
maroc-global,contact@e-box.ma
anat,
fagerber,contact@ever-technology.com
iris,contact@opnetag.com
equitem,soussnet@soussnet.net
intelcom,contact@abelmomaroc.com
emagingroup,casa@emagingroup.com
nexsoft,contact@nexsoft.ma
tekinside,contact@tekinside.ma
fornetmaroc,contact@fornetmaroc.com
proweb-media,contact@proweb-media.com
quadrillion,contact@quadrillion.com
tudioweb,contact@tudioweb.com
propixel,
flexiapps,support@flexiapps.net
nayzak,contact@injazway.com
kalimact,
injazway,akwascreation@gmail.com
teamcloudagency,alciweb@gmail.com
riadvancedstudio,info@lifemoz.com
akwas,info@niemeconseil.ma
alciweb,contact@inovat.ma
lifemoz,contact@megalogi.ma
niemeconseil,inovemgroup@gmail.com
megalogi,contact@itechnology.com
inovemgroup,contact@nolimitmaroc.com
inovat,contact@webimaroc.com
itechnology-group,contact@interweb.ma
nolimitmaroc,
webimaroc,contact@adweb.ma
pyxicom,contact@e-solution.ma
improvia-maroc,contact@elevenmedia.ma
skwirrl,contact@ago-solutions.net
adweb,info@pixi.ma
do-it,
devconcept,contact@mdesign.ma
mdesign,
prestigeweb,absolutwebsolutionsmaroc@gmail.com
absolutwebsolutions,info@mardal.biz
mardal,
achusweb,info@softsevenart.com
Softsevenart,
flexicom,
ibento,contact@arcanedev.net
arcanedev,contact@puzzlemedia.ma
puzzlemedia,contact@agenceoneo.com
agenceoneo,commercial@planetsoft.ma
avision,
sm3w,info@megawebpro.com
ago-solutions,
megawebpro,
interweb,info@agencewebzitis.com
aslil,info@actiglob.com
piximedia,commercial@almisbah.ma
codcom,info@sjsm.ma
pixweb,
webmania,contact@webmania.ma
agencewebzitis,
sominet-web,yapo@yapo.ma
sg2i,info@it-selexion.com
ciel maroc,support@marochost.com
actiglob,contact@1fancy.com
almisbah,commercial@almisbah.ma
sgm2i,contact@sgm2i.com
omninetworks,contact@omninetworks.ma
fesweb,contact@fesweb.net
jupiter,info@jupiter.ma
delta-corp,contact@delta-corp.net
moullablad,brahim@moullablad.com
hexalance,contact@hexalance.net
softhightech,contact@softhightech.com
pixelconcept1,info@pixelconcept1.com
tynexmedia,
itselectronic,contact@itselectronic.ma
sousstech,contact@sousstech.com
afoulki,support@afoulki.com
nticelect,contact@nticelect.com
m3kod,contact@m3kod.com
megacom,contact@megacom.ma
appsite,
jodasoft,contact@jodasoft.com
aidweb,
marrakechdev,contact@marrakechdev.com
vitelmedia,vitelmedia@gmail.com
wis,contact@wis.ma
mibesys,contact@mibesys.com
innovamaroc,
atlashost,info@atlashost.net
marocwebo,webmaster@marocwebo.com
nanoweb,contact@nanoweb.ma
innovaplus,contact@innovaplus.net
lewebeur,info@lewebeur.com
inventis,contact@inventis.ma
fescitysoft,
concept-ak,contact@concept-ak.com
syscloudmaroc,contact@syscloudmaroc.com
mikweb,mikwebsarl@gmail.com
canvas,
leaderligne,contact@leaderligne.com
marocweb,
softas,
sama-design,contact@sama-design.com
graffity,agency@graffity.ma
molaketing,info@molaketing.com
damarint,lahcen@damarint.ma
3W MEDIA,anouar@3wm.ma
50DH.NET,contact@50dh.net
ADK MEDIA,contact@adk-media.com
AGRAWMEDIA,info@agrawmedia.com
ARCANES TECHNOLOGIES,domaines@heberjahiz.com
ATECHNOLOGIE,info@atechnologie.ma
CASANET,ndd@casanet.ma
DOTMAROC.MA,sales@dotmaroc.com
GENIOUS COMMUNICATION,contact@genious.net
HEBERDOM,contact@heberdom.com
HYPERTECH,info@heberfacile.com
ITISSALAT AL-MAGHRIB,cae_int.bo@iam.ma
ICONVERGENCE,iconvergence.maroc@gmail.com
L & L TECHNOLOGIES,info@techno.net.ma
MEDI TELECOM,mehdi.alaoui_boukhris@meditel.ma
MTDS,hostmaster@mtds.com
MULTIMEDIA STUDIOS,support@omihost.com
NAJA7HOST,support@naja7host.com
NINDO,contact@nindohost.com
ORBITCOM CORPORATION MAROC,ma@marocdata.com
PARTNET,mail@partnet.ma
PIXI MEDIA,domains@hostoweb.com
REGISTRAR AFOULKI DESIGN,email@afoulki.ma
SHELLY-CO,service.clientele@marochost.com
VALA NET WORD,vala@vala-bleu.net
WANA CORPORATE,widad@inwi.ma
IBM Maroc,info@hr.ibm.com
cbi,aymane.ramou@cbi.ma
dell,casablanca_reception@dell.com
intelectia,recrutement@intelcia.com
Freterium,careers@freterium.com
Wafr,reda@wafr.co
hotellap,recrutement@hotelpalmplaza.com
Hsabati,contact@hsabati.com
PEAQOCK,jobs@peaqock.com
Indatacore,contact@indatacore.com
PayTic,careers@payticconnect.com
HPS,rachida.essaleh@hps-worldwide.com
S2M,recrutement@s2m.net.ma
NAPS,contact@naps.ma
M2M Group,nkhezar@m2mgroup.com
DXC Technology Maroc,recruitment-ma@dxc.com
Astek Maroc,
Cgi Maroc,recrutement@cgi.com
Novancy One,cv@novancy.com
Valta,enquiries@valtatech.com
tessalate,contact@tesselategroup.com
cnesten,recrutement@cnesten.org.ma
valueit,melyamami@valueit.ma
liadtech,rh@liadtech.com
Majorel,recrutement@majorel.com
Box,contact@ebox.mu
